<?xml version="1.0" encoding="UTF-8"?><rss version="2.0"
	xmlns:content="http://purl.org/rss/1.0/modules/content/"
	xmlns:wfw="http://wellformedweb.org/CommentAPI/"
	xmlns:dc="http://purl.org/dc/elements/1.1/"
	xmlns:atom="http://www.w3.org/2005/Atom"
	xmlns:sy="http://purl.org/rss/1.0/modules/syndication/"
	xmlns:slash="http://purl.org/rss/1.0/modules/slash/"
	>

<channel>
	<title>pulkit123 &#8211; CodersHub</title>
	<atom:link href="/author/pulkit123/feed/" rel="self" type="application/rss+xml" />
	<link></link>
	<description></description>
	<lastBuildDate>Wed, 05 Jul 2023 13:09:11 +0000</lastBuildDate>
	<language>en-US</language>
	<sy:updatePeriod>
	hourly	</sy:updatePeriod>
	<sy:updateFrequency>
	1	</sy:updateFrequency>
	<generator>https://wordpress.org/?v=6.2.2</generator>
	<item>
		<title>C++ PROGRAMMING</title>
		<link>/hello-world/</link>
					<comments>/hello-world/#comments</comments>
		
		<dc:creator><![CDATA[pulkit123]]></dc:creator>
		<pubDate>Tue, 04 Jul 2023 12:32:42 +0000</pubDate>
				<category><![CDATA[Programming]]></category>
		<guid isPermaLink="false">/?p=1</guid>

					<description><![CDATA[C++ is a general-purpose programming language created by Bjarne Stroustrup as an extension of the C programming language. It is a statically typed, compiled language that supports both procedural and object-oriented programming. C++ is one of the most popular programming languages in the world, and is used in a wide variety of applications, including operating &#8230;<p class="read-more"> <a class="" href="/hello-world/"> <span class="screen-reader-text">C++ PROGRAMMING</span> Read More &#187;</a></p>]]></description>
										<content:encoded><![CDATA[
<p>C++ is a general-purpose programming language created by Bjarne Stroustrup as an extension of the C programming language. It is a statically typed, compiled language that supports both procedural and object-oriented programming. C++ is one of the most popular programming languages in the world, and is used in a wide variety of applications, including operating systems, compilers, databases, and games.</p>



<p>Here are some of the key features of C++:</p>



<ul>
<li><strong>Static typing:</strong>&nbsp;C++ is a statically typed language, which means that the types of variables and expressions are known at compile time. This makes C++ programs more reliable and efficient.</li>



<li><strong>Compiled language:</strong>&nbsp;C++ is a compiled language, which means that the source code is converted into machine code before it is executed. This makes C++ programs faster than interpreted languages.</li>



<li><strong>Object-oriented programming:</strong>&nbsp;C++ supports object-oriented programming, which allows programmers to create reusable and modular code.</li>



<li><strong>Portability:</strong>&nbsp;C++ code can be compiled on a wide variety of platforms, making it a good choice for developing cross-platform applications.</li>
</ul>



<p>C++ is a powerful and versatile language that can be used to develop a wide variety of applications. If you are interested in learning C++, there are many resources available online and in libraries.</p>



<p>Here are some of the benefits of learning C++:</p>



<ul>
<li><strong>C++ is a powerful and versatile language:</strong>&nbsp;C++ can be used to develop a wide variety of applications, from operating systems to games.</li>



<li><strong>C++ is a well-established language:</strong>&nbsp;C++ has been around for over 30 years, and there is a large community of C++ programmers and resources available.</li>



<li><strong>Learning C++ can help you understand other programming languages:</strong>&nbsp;C++ is a good foundation for learning other programming languages, such as Java and Python.</li>
</ul>



<p>If you are interested in learning C++, I recommend starting with the following resources:</p>



<ul>
<li><strong>The C++ Programming Language:</strong>&nbsp;This book by Bjarne Stroustrup is the definitive guide to C++.</li>



<li><strong>Learn C++:</strong>&nbsp;This website by Derek Banas provides a comprehensive introduction to C++.</li>



<li><strong>C++ Tutorial:</strong>&nbsp;This website by W3Schools provides a beginner-friendly tutorial on C++.</li>
</ul>



<p>I hope this helps!</p>
]]></content:encoded>
					
					<wfw:commentRss>/hello-world/feed/</wfw:commentRss>
			<slash:comments>1</slash:comments>
		
		
			</item>
	</channel>
</rss>
